{"stats":{"minecraft:crafted":{"minecraft:chest":1,"minecraft:oak_slab":6,"minecraft:oak_planks":32,"minecraft:crafting_table":2,"minecraft:stick":8,"minecraft:bread":18,"minecraft:wooden_pickaxe":1,"minecraft:wheat":54},"minecraft:dropped":{"minecraft:wheat_seeds":1},"minecraft:custom":{"minecraft:time_since_rest":13558,"minecraft:walk_one_cm":44064,"minecraft:play_time":15999,"minecraft:crouch_one_cm":799,"minecraft:sprint_one_cm":36183,"minecraft:damage_taken":565,"minecraft:deaths":1,"minecraft:sneak_time":747,"minecraft:mob_kills":1,"minecraft:drop":1,"minecraft:jump":252,"minecraft:damage_dealt":252,"minecraft:leave_game":1,"minecraft:time_since_death":13529,"minecraft:total_world_time":15999,"minecraft:interact_with_crafting_table":2,"minecraft:fall_one_cm":8336,"minecraft:fly_one_cm":34343,"minecraft:horse_one_cm":284},"minecraft:picked_up":{"minecraft:azure_bluet":4,"minecraft:wheat_seeds":3,"minecraft:hay_block":6,"minecraft:oak_log":8,"minecraft:yellow_bed":2,"minecraft:dirt":23},"minecraft:killed_by":{"minecraft:creeper":1},"minecraft:mined":{"minecraft:hay_block":6,"minecraft:grass":5,"minecraft:grass_block":16,"minecraft:oak_log":9,"minecraft:dirt":6,"minecraft:oak_leaves":2,"minecraft:yellow_bed":2},"minecraft:used":{"minecraft:dirt":22,"minecraft:crafting_table":2,"minecraft:bread":2}},"DataVersion":3465}