{"stats":{"minecraft:crafted":{"minecraft:oak_planks":56,"minecraft:furnace":1,"minecraft:diamond_helmet":1,"minecraft:stone_pickaxe":3,"minecraft:diamond_boots":1,"minecraft:wheat":135,"minecraft:diamond_sword":1,"minecraft:diamond_axe":1,"minecraft:crafting_table":3,"minecraft:wooden_pickaxe":1,"minecraft:stone_axe":1,"minecraft:bread":45,"minecraft:air":0,"minecraft:oak_boat":1,"minecraft:iron_chestplate":1,"minecraft:diamond_pickaxe":2,"minecraft:shield":1,"minecraft:stick":32,"minecraft:iron_ingot":25,"minecraft:iron_pickaxe":1,"minecraft:wooden_axe":1,"minecraft:iron_leggings":1,"minecraft:torch":32},"minecraft:broken":{"minecraft:stone_pickaxe":2},"minecraft:dropped":{"minecraft:iron_ingot":6,"minecraft:wheat_seeds":1,"minecraft:cobblestone":133,"minecraft:dirt":14,"minecraft:wooden_axe":1,"minecraft:iron_pickaxe":1,"minecraft:bone":5,"minecraft:stone_axe":1,"minecraft:netherite_hoe":1,"minecraft:cobbled_deepslate":83,"fromanotherworld:disguised_tendrils":8,"minecraft:rotten_flesh":7,"minecraft:totem_of_undying":6,"minecraft:netherite_leggings":1,"minecraft:diamond_pickaxe":1,"minecraft:andesite":3,"minecraft:oak_boat":2,"minecraft:arrow":1,"minecraft:stone_pickaxe":1,"minecraft:wooden_pickaxe":1},"minecraft:custom":{"minecraft:mob_kills":15,"minecraft:interact_with_anvil":16,"minecraft:interact_with_crafting_table":17,"minecraft:leave_game":1,"minecraft:time_since_death":5580,"minecraft:climb_one_cm":1978,"minecraft:damage_resisted":2039,"minecraft:sprint_one_cm":185631,"minecraft:walk_one_cm":356428,"minecraft:damage_blocked_by_shield":2165,"minecraft:drop":53,"minecraft:play_time":100380,"minecraft:deaths":9,"minecraft:sneak_time":10350,"minecraft:walk_under_water_one_cm":7712,"minecraft:boat_one_cm":12510,"minecraft:jump":1746,"minecraft:walk_on_water_one_cm":13251,"minecraft:total_world_time":100380,"minecraft:interact_with_furnace":21,"minecraft:time_since_rest":5653,"minecraft:damage_taken":5477,"minecraft:damage_absorbed":3979,"minecraft:damage_dealt":6334,"minecraft:swim_one_cm":41921,"minecraft:fly_one_cm":524055,"minecraft:player_kills":2,"minecraft:crouch_one_cm":26823,"minecraft:fall_one_cm":75255},"minecraft:picked_up":{"minecraft:crafting_table":6,"minecraft:lead":1,"fromanotherworld:disguised_tendrils":8,"minecraft:enchanted_book":18,"minecraft:brewing_stand":1,"minecraft:shield":2,"minecraft:string":4,"minecraft:experience_bottle":256,"minecraft:cobbled_deepslate":514,"minecraft:netherite_sword":2,"minecraft:bucket":1,"minecraft:oak_boat":2,"minecraft:enchanted_golden_apple":128,"minecraft:diamond_hoe":1,"minecraft:furnace":3,"minecraft:tipped_arrow":64,"minecraft:raw_iron":25,"minecraft:stick":2,"minecraft:torch":9,"minecraft:redstone":9,"minecraft:netherite_pickaxe":2,"minecraft:arrow":4,"minecraft:rotten_flesh":13,"minecraft:hay_block":15,"minecraft:totem_of_undying":16,"minecraft:netherite_chestplate":2,"minecraft:cobblestone":365,"minecraft:stripped_oak_log":4,"minecraft:netherite_boots":2,"minecraft:andesite":3,"fromanotherworld:assimilation_liquid":3,"minecraft:flint":2,"minecraft:tuff":89,"minecraft:oak_log":10,"minecraft:netherite_leggings":3,"minecraft:lapis_lazuli":30,"minecraft:dirt":76,"minecraft:bone":5,"minecraft:bow":1,"minecraft:wheat_seeds":1,"minecraft:raw_gold":5,"minecraft:iron_ingot":6,"minecraft:netherite_axe":2,"minecraft:music_disc_13":1,"minecraft:gravel":8,"minecraft:diamond":45,"minecraft:netherite_helmet":2,"minecraft:granite":5,"minecraft:bread":38,"minecraft:netherite_hoe":3,"minecraft:coal":17,"minecraft:diamond_pickaxe":1},"minecraft:killed_by":{"minecraft:player":1,"fromanotherworld:vine_tentacles":2,"fromanotherworld:palmer_thing":2},"minecraft:mined":{"minecraft:infested_deepslate":2,"minecraft:tuff":54,"minecraft:deepslate_diamond_ore":45,"minecraft:brewing_stand":1,"minecraft:granite":5,"fromanotherworld:corpse":1,"fromanotherworld:assimilated_sculk_activator":5,"minecraft:hay_block":15,"minecraft:furnace":3,"fromanotherworld:disguised_tendrils":28,"minecraft:iron_ore":16,"minecraft:cobbled_deepslate":1,"minecraft:andesite":3,"minecraft:deepslate_lapis_ore":4,"minecraft:deepslate_iron_ore":9,"minecraft:stripped_oak_log":4,"minecraft:stone":287,"minecraft:deepslate_redstone_ore":2,"minecraft:crafting_table":6,"minecraft:torch":1,"minecraft:sculk_sensor":1,"minecraft:tall_grass":1,"minecraft:cobblestone":18,"minecraft:deepslate_gold_ore":5,"fromanotherworld:assimilated_sculk_vein":11,"minecraft:sculk":12,"minecraft:wall_torch":8,"fromanotherworld:assimilated_sculk":98,"fromanotherworld:assimilated_sculk_brambles":54,"minecraft:grass":12,"minecraft:coal_ore":20,"minecraft:oak_log":10,"minecraft:dirt":15,"minecraft:gravel":9,"minecraft:deepslate":508},"minecraft:killed":{"minecraft:skeleton":3,"fromanotherworld:dogbeast_spitter":1,"minecraft:silverfish":2,"fromanotherworld:palmer_thing":3,"fromanotherworld:beast":1,"minecraft:zombie":1,"fromanotherworld:vine_tentacles":1,"fromanotherworld:dogbeast":1},"minecraft:used":{"minecraft:netherite_sword":153,"minecraft:shield":22,"minecraft:torch":27,"minecraft:dirt":1,"minecraft:wooden_axe":29,"minecraft:netherite_hoe":135,"minecraft:bow":7,"minecraft:furnace":3,"minecraft:netherite_pickaxe":39,"minecraft:cobbled_deepslate":5,"minecraft:enchanted_golden_apple":37,"minecraft:stone_pickaxe":299,"minecraft:wooden_pickaxe":13,"minecraft:diamond_axe":2,"minecraft:crafting_table":9,"minecraft:diamond_pickaxe":466,"fromanotherworld:assimilation_liquid":3,"minecraft:bread":7,"minecraft:iron_pickaxe":219,"minecraft:stone_axe":9,"minecraft:diamond_sword":1,"minecraft:cobblestone":47,"minecraft:oak_boat":1,"minecraft:experience_bottle":256}},"DataVersion":3465}