{"stats":{"minecraft:crafted":{"minecraft:cooked_beef":17,"minecraft:oak_planks":84,"minecraft:cooked_porkchop":5,"minecraft:crafting_table":2,"minecraft:iron_helmet":1,"minecraft:wooden_pickaxe":2,"minecraft:iron_sword":1,"minecraft:furnace":1,"minecraft:birch_planks":4,"minecraft:stone_axe":2,"minecraft:bread":81,"minecraft:cooked_mutton":3,"minecraft:air":0,"minecraft:oak_boat":2,"minecraft:iron_boots":1,"minecraft:iron_chestplate":1,"minecraft:stick":32,"minecraft:iron_ingot":37,"minecraft:iron_pickaxe":4,"minecraft:stone_pickaxe":3,"minecraft:chest":2,"minecraft:stone_sword":2,"minecraft:iron_leggings":1,"minecraft:torch":16,"minecraft:stone_hoe":1,"minecraft:wheat":243},"minecraft:dropped":{"minecraft:wheat_seeds":2,"minecraft:oak_fence":1,"minecraft:rotten_flesh":4,"minecraft:grass_block":1,"minecraft:andesite":20,"minecraft:beetroot_seeds":2,"minecraft:wooden_pickaxe":2,"minecraft:dandelion":1,"minecraft:bone":1},"minecraft:broken":{"minecraft:stone_pickaxe":1,"minecraft:stone_sword":1},"minecraft:custom":{"minecraft:interact_with_furnace":31,"minecraft:mob_kills":39,"minecraft:interact_with_crafting_table":31,"minecraft:leave_game":1,"minecraft:time_since_death":69746,"minecraft:sleep_in_bed":2,"minecraft:time_since_rest":768,"minecraft:sprint_one_cm":306770,"minecraft:damage_taken":1590,"minecraft:walk_one_cm":107554,"minecraft:drop":13,"minecraft:damage_dealt":6731,"minecraft:swim_one_cm":23188,"minecraft:talked_to_villager":5,"minecraft:fly_one_cm":382702,"minecraft:open_chest":6,"minecraft:crouch_one_cm":8995,"minecraft:play_time":73455,"minecraft:deaths":1,"minecraft:sneak_time":2887,"minecraft:walk_under_water_one_cm":2126,"minecraft:boat_one_cm":19410,"minecraft:jump":1920,"minecraft:walk_on_water_one_cm":6549,"minecraft:total_world_time":73455,"minecraft:fall_one_cm":48662},"minecraft:picked_up":{"minecraft:birch_log":1,"minecraft:crafting_table":11,"minecraft:chest_minecart":1,"minecraft:andesite":41,"minecraft:leather":9,"minecraft:potato":2,"minecraft:oak_log":51,"minecraft:dirt":37,"minecraft:string":8,"minecraft:bone":3,"minecraft:cobbled_deepslate":129,"minecraft:wheat_seeds":3,"minecraft:detector_rail":4,"minecraft:beef":17,"minecraft:oak_boat":4,"minecraft:lectern":3,"minecraft:sugar_cane":27,"minecraft:oak_planks":24,"minecraft:egg":1,"minecraft:furnace":5,"minecraft:book":12,"minecraft:raw_iron":37,"minecraft:composter":1,"minecraft:oak_fence":4,"minecraft:torch":11,"minecraft:dandelion":1,"minecraft:gravel":7,"minecraft:porkchop":5,"minecraft:pointed_dripstone":3,"minecraft:diorite":20,"minecraft:white_bed":1,"minecraft:carrot":4,"minecraft:grass_block":1,"minecraft:redstone":4,"minecraft:spider_eye":1,"minecraft:arrow":2,"minecraft:rotten_flesh":14,"minecraft:diamond":5,"minecraft:beetroot_seeds":6,"minecraft:hay_block":27,"minecraft:granite":8,"minecraft:golden_apple":1,"minecraft:rail":9,"minecraft:mutton":3,"minecraft:coal":196,"minecraft:white_wool":2,"minecraft:cobblestone":181},"minecraft:mined":{"minecraft:white_bed":1,"minecraft:deepslate_diamond_ore":4,"minecraft:oak_fence":3,"minecraft:crafting_table":11,"minecraft:torch":2,"minecraft:granite":8,"minecraft:grass_block":10,"minecraft:lectern":3,"minecraft:tall_grass":6,"minecraft:cobblestone":16,"minecraft:oak_planks":24,"minecraft:composter":1,"minecraft:sugar_cane":11,"minecraft:diorite":20,"minecraft:spawner":1,"fromanotherworld:assimilated_sculk":1,"minecraft:hay_block":27,"minecraft:carrots":4,"minecraft:furnace":5,"minecraft:cobbled_deepslate":1,"minecraft:birch_log":1,"minecraft:iron_ore":38,"minecraft:wheat":2,"minecraft:andesite":21,"minecraft:birch_leaves":3,"minecraft:grass":23,"minecraft:potatoes":3,"minecraft:bookshelf":4,"minecraft:oak_log":52,"minecraft:coal_ore":55,"minecraft:rail":1,"minecraft:beetroots":2,"fromanotherworld:assimilated_sculk_overgrowth":1,"minecraft:gravel":8,"minecraft:dirt":26,"minecraft:cobweb":2,"minecraft:stone":163,"minecraft:deepslate":135,"minecraft:oak_leaves":2},"minecraft:killed":{"minecraft:pig":2,"minecraft:spider":6,"minecraft:sheep":2,"minecraft:horse":7,"minecraft:skeleton":5,"minecraft:zombie":9,"minecraft:enderman":1,"minecraft:cow":7},"minecraft:used":{"minecraft:cooked_mutton":3,"minecraft:stone_sword":138,"minecraft:stone_pickaxe":183,"minecraft:oak_planks":54,"minecraft:chest":2,"minecraft:wooden_pickaxe":6,"minecraft:iron_sword":4,"minecraft:composter":1,"minecraft:sugar_cane":27,"minecraft:stone_hoe":34,"minecraft:torch":24,"minecraft:dirt":32,"minecraft:rail":8,"minecraft:crafting_table":11,"minecraft:white_bed":1,"minecraft:bread":9,"minecraft:iron_pickaxe":285,"minecraft:iron_helmet":1,"minecraft:lectern":3,"minecraft:iron_boots":1,"minecraft:stone_axe":104,"minecraft:cobblestone":117,"minecraft:furnace":5,"minecraft:cooked_porkchop":5,"minecraft:andesite":1,"minecraft:cobbled_deepslate":3,"minecraft:chest_minecart":1,"minecraft:oak_boat":5,"minecraft:egg":1,"minecraft:potato":2,"minecraft:cooked_beef":7}},"DataVersion":3465}