{"stats":{"minecraft:dropped":{"minecraft:netherite_sword":1},"minecraft:custom":{"minecraft:time_since_rest":89680,"minecraft:crouch_one_cm":1237,"minecraft:play_time":91913,"minecraft:sprint_one_cm":15734,"minecraft:damage_taken":319,"minecraft:deaths":1,"minecraft:walk_one_cm":17883,"minecraft:sneak_time":349,"minecraft:walk_under_water_one_cm":6501,"minecraft:mob_kills":1,"minecraft:drop":1,"minecraft:jump":85,"minecraft:damage_dealt":111,"minecraft:leave_game":2,"minecraft:time_since_death":89651,"minecraft:walk_on_water_one_cm":5145,"minecraft:total_world_time":91913,"minecraft:damage_resisted":4,"minecraft:swim_one_cm":1050,"minecraft:fall_one_cm":4182,"minecraft:fly_one_cm":12226},"minecraft:picked_up":{"minecraft:netherite_boots":1,"minecraft:netherite_helmet":1,"minecraft:netherite_sword":2,"minecraft:totem_of_undying":3,"minecraft:enchanted_golden_apple":63,"minecraft:shield":1,"minecraft:netherite_chestplate":1,"minecraft:netherite_leggings":1,"minecraft:dirt":10},"minecraft:mined":{"minecraft:grass_block":4,"minecraft:dirt":5,"fromanotherworld:disguised_tendrils":2},"minecraft:used":{"minecraft:netherite_sword":4,"minecraft:dirt":3,"minecraft:enchanted_golden_apple":1}},"DataVersion":3465}