{"stats":{"minecraft:custom":{"minecraft:time_since_rest":19584,"minecraft:interact_with_furnace":10,"minecraft:sprint_one_cm":14017,"minecraft:damage_taken":134,"minecraft:walk_one_cm":43682,"minecraft:mob_kills":6,"minecraft:damage_dealt":490,"minecraft:interact_with_crafting_table":6,"minecraft:fly_one_cm":6720,"minecraft:play_time":19584,"minecraft:sneak_time":5,"minecraft:jump":115,"minecraft:leave_game":2,"minecraft:time_since_death":19584,"minecraft:total_world_time":19584,"minecraft:fall_one_cm":685},"minecraft:used":{"minecraft:stone_pickaxe":24,"minecraft:wooden_pickaxe":4,"minecraft:stone_axe":23,"minecraft:torch":2,"minecraft:dirt":7,"minecraft:crafting_table":3,"minecraft:furnace":1,"minecraft:andesite":1,"minecraft:egg":1,"minecraft:cooked_beef":1},"minecraft:mined":{"minecraft:furnace":1,"minecraft:iron_ore":1,"minecraft:andesite":7,"minecraft:crafting_table":3,"minecraft:grass":8,"minecraft:grass_block":1,"minecraft:oak_log":25,"minecraft:dirt":6,"minecraft:stone":18,"minecraft:sugar_cane":3,"minecraft:oak_leaves":6,"minecraft:wall_torch":1},"minecraft:picked_up":{"minecraft:charcoal":4,"minecraft:raw_iron":1,"minecraft:crafting_table":2,"minecraft:cooked_beef":2,"minecraft:feather":3,"minecraft:chicken":4,"minecraft:andesite":7,"minecraft:leather":2,"minecraft:torch":1,"minecraft:oak_log":25,"minecraft:dirt":7,"minecraft:apple":2,"minecraft:beef":3,"minecraft:oak_sapling":4,"minecraft:sugar_cane":7,"minecraft:furnace":1,"minecraft:cobblestone":18,"minecraft:egg":1},"minecraft:crafted":{"minecraft:cooked_beef":1,"minecraft:oak_planks":80,"minecraft:charcoal":5,"minecraft:crafting_table":1,"minecraft:stick":28,"minecraft:wooden_pickaxe":1,"minecraft:stone_pickaxe":1,"minecraft:furnace":1,"minecraft:torch":4,"minecraft:stone_axe":1,"minecraft:air":0},"minecraft:killed":{"hordes:zombie_player":1,"minecraft:chicken":4,"minecraft:cow":1}},"DataVersion":3465}