{"stats":{"minecraft:picked_up":{"minecraft:birch_log":6,"minecraft:stick":2,"minecraft:oak_log":14,"minecraft:dark_oak_log":2,"minecraft:dirt":9,"minecraft:wheat_seeds":2,"minecraft:oak_sapling":4,"minecraft:birch_sapling":3,"minecraft:mutton":2,"minecraft:white_wool":2,"minecraft:cobblestone":14},"minecraft:custom":{"minecraft:time_since_rest":11439,"minecraft:sprint_one_cm":18826,"minecraft:damage_taken":82,"minecraft:walk_one_cm":41929,"minecraft:mob_kills":2,"minecraft:drop":4,"minecraft:damage_dealt":342,"minecraft:interact_with_crafting_table":4,"minecraft:fly_one_cm":29367,"minecraft:player_kills":1,"minecraft:crouch_one_cm":160,"minecraft:play_time":11439,"minecraft:sneak_time":94,"minecraft:jump":195,"minecraft:leave_game":2,"minecraft:walk_on_water_one_cm":1700,"minecraft:time_since_death":11439,"minecraft:total_world_time":11439,"minecraft:fall_one_cm":4612},"minecraft:used":{"minecraft:stone_pickaxe":1,"minecraft:birch_sapling":2,"minecraft:wooden_pickaxe":25,"minecraft:stone_axe":16,"minecraft:dirt":9,"minecraft:cobblestone":8,"minecraft:crafting_table":1,"minecraft:oak_sapling":4},"minecraft:crafted":{"minecraft:oak_planks":40,"minecraft:crafting_table":1,"minecraft:stick":8,"minecraft:wooden_pickaxe":1,"minecraft:stone_pickaxe":1,"minecraft:dark_oak_planks":8,"minecraft:stone_axe":1},"minecraft:mined":{"minecraft:birch_log":6,"minecraft:dark_oak_log":2,"minecraft:grass":29,"minecraft:grass_block":2,"minecraft:oak_log":14,"minecraft:dirt":7,"minecraft:stone":14,"minecraft:oak_leaves":5},"minecraft:dropped":{"minecraft:stone_axe":1,"minecraft:wheat_seeds":2,"minecraft:birch_sapling":1},"minecraft:killed":{"minecraft:sheep":2}},"DataVersion":3465}