{"stats":{"minecraft:used":{"minecraft:stone_sword":20,"minecraft:stone_pickaxe":53,"minecraft:wooden_pickaxe":4,"minecraft:rotten_flesh":1,"minecraft:torch":7,"minecraft:dirt":4,"minecraft:crafting_table":5,"minecraft:stone_axe":52,"minecraft:cobblestone":8,"minecraft:oak_sapling":4,"minecraft:furnace":1,"minecraft:oak_boat":4,"minecraft:cooked_beef":8,"minecraft:coarse_dirt":5},"minecraft:mined":{"minecraft:dark_oak_leaves":2,"minecraft:crafting_table":5,"minecraft:torch":4,"minecraft:tall_grass":3,"minecraft:cobblestone":3,"minecraft:sugar_cane":1,"minecraft:kelp":2,"minecraft:wall_torch":3,"minecraft:tall_seagrass":1,"minecraft:coarse_dirt":5,"minecraft:furnace":1,"minecraft:birch_leaves":1,"minecraft:grass":24,"minecraft:oak_log":26,"minecraft:coal_ore":17,"minecraft:vine":1,"minecraft:dirt":4,"minecraft:stone":36,"minecraft:oak_leaves":6},"minecraft:killed":{"minecraft:pig":1,"minecraft:zombie":7,"minecraft:cow":11},"minecraft:custom":{"minecraft:interact_with_furnace":10,"minecraft:mob_kills":19,"minecraft:interact_with_crafting_table":14,"minecraft:bell_ring":13,"minecraft:interact_with_grindstone":1,"minecraft:leave_game":1,"minecraft:time_since_death":38816,"minecraft:sleep_in_bed":2,"minecraft:climb_one_cm":1112,"minecraft:time_since_rest":77,"minecraft:sprint_one_cm":65556,"minecraft:damage_taken":614,"minecraft:walk_one_cm":118324,"minecraft:drop":9,"minecraft:damage_dealt":2787,"minecraft:swim_one_cm":19682,"minecraft:fly_one_cm":74217,"minecraft:player_kills":1,"minecraft:open_chest":3,"minecraft:crouch_one_cm":1637,"minecraft:play_time":38816,"minecraft:sneak_time":779,"minecraft:walk_under_water_one_cm":14922,"minecraft:boat_one_cm":187245,"minecraft:jump":748,"minecraft:walk_on_water_one_cm":6707,"minecraft:total_world_time":38816,"minecraft:fall_one_cm":13948},"minecraft:crafted":{"minecraft:cooked_beef":8,"minecraft:oak_planks":64,"minecraft:crafting_table":1,"minecraft:wooden_pickaxe":1,"minecraft:furnace":1,"minecraft:stone_axe":1,"minecraft:air":0,"minecraft:oak_boat":2,"minecraft:stick":8,"minecraft:stone_pickaxe":1,"minecraft:stone_sword":1,"minecraft:torch":4},"minecraft:dropped":{"minecraft:stone_axe":1,"minecraft:kelp":2,"minecraft:cooked_beef":1,"minecraft:coarse_dirt":3,"minecraft:stone_sword":1,"minecraft:torch":1,"minecraft:wooden_pickaxe":2,"minecraft:stone_pickaxe":1},"minecraft:picked_up":{"minecraft:crafting_table":5,"minecraft:coarse_dirt":8,"minecraft:cooked_beef":1,"minecraft:leather":6,"minecraft:wooden_pickaxe":1,"minecraft:oak_log":26,"minecraft:dirt":4,"minecraft:kelp":2,"minecraft:wheat_seeds":1,"minecraft:beef":24,"minecraft:stone_pickaxe":1,"minecraft:oak_boat":2,"minecraft:sugar_cane":3,"minecraft:furnace":1,"minecraft:stick":1,"minecraft:torch":7,"minecraft:porkchop":1,"minecraft:rotten_flesh":20,"minecraft:stone_axe":1,"minecraft:oak_sapling":4,"minecraft:coal":21,"minecraft:cobblestone":39}},"DataVersion":3465}