{"stats":{"minecraft:crafted":{"minecraft:cooked_beef":22,"minecraft:oak_planks":64,"minecraft:crafting_table":1,"minecraft:wooden_pickaxe":1,"minecraft:furnace":1,"minecraft:stone_axe":1,"minecraft:air":0,"minecraft:oak_boat":2,"minecraft:stick":8,"minecraft:stone_pickaxe":1,"minecraft:stone_sword":1,"minecraft:torch":4},"minecraft:picked_up":{"minecraft:coarse_dirt":8,"minecraft:crafting_table":5,"minecraft:cooked_beef":1,"minecraft:leather":7,"minecraft:wooden_pickaxe":1,"minecraft:oak_stairs":2,"minecraft:oak_log":26,"minecraft:dirt":6,"minecraft:bone":2,"minecraft:kelp":2,"minecraft:stonecutter":1,"minecraft:wheat_seeds":1,"minecraft:stone_pickaxe":1,"minecraft:beef":27,"minecraft:oak_boat":2,"minecraft:sugar_cane":3,"minecraft:oak_planks":5,"minecraft:furnace":1,"minecraft:stick":1,"minecraft:oak_door":1,"minecraft:oak_fence":1,"minecraft:torch":13,"minecraft:oak_pressure_plate":1,"minecraft:porkchop":3,"pointblank:gunmetal_nugget":4,"minecraft:slime_ball":1,"minecraft:rotten_flesh":25,"minecraft:stone_axe":1,"minecraft:oak_sapling":4,"minecraft:mutton":1,"minecraft:coal":21,"minecraft:white_wool":1,"minecraft:cobblestone":49,"minecraft:ender_pearl":1},"minecraft:killed":{"minecraft:pig":2,"minecraft:zombie_villager":1,"minecraft:sheep":1,"minecraft:zombie":11,"minecraft:cow":12},"minecraft:dropped":{"minecraft:stone_axe":1,"minecraft:kelp":2,"minecraft:cooked_beef":1,"minecraft:coarse_dirt":3,"minecraft:stone_sword":1,"minecraft:torch":1,"minecraft:stone_pickaxe":1,"minecraft:wooden_pickaxe":2},"minecraft:used":{"minecraft:stone_sword":20,"minecraft:stone_pickaxe":70,"minecraft:wooden_pickaxe":4,"minecraft:rotten_flesh":1,"minecraft:torch":12,"minecraft:dirt":6,"minecraft:crafting_table":5,"minecraft:stone_axe":88,"minecraft:cobblestone":25,"minecraft:furnace":2,"minecraft:oak_sapling":4,"alexsmobs:animal_dictionary":1,"minecraft:oak_boat":4,"minecraft:cooked_beef":14,"minecraft:coarse_dirt":5},"minecraft:custom":{"minecraft:interact_with_furnace":20,"minecraft:mob_kills":27,"minecraft:interact_with_crafting_table":14,"minecraft:bell_ring":13,"minecraft:damage_dealt_resisted":144,"minecraft:interact_with_grindstone":1,"minecraft:leave_game":3,"minecraft:time_since_death":54823,"minecraft:sleep_in_bed":2,"minecraft:climb_one_cm":1112,"minecraft:time_since_rest":16084,"minecraft:sprint_one_cm":78140,"minecraft:damage_taken":870,"minecraft:walk_one_cm":172421,"minecraft:drop":9,"minecraft:damage_dealt":4053,"minecraft:swim_one_cm":19682,"minecraft:talked_to_villager":4,"minecraft:fly_one_cm":97655,"minecraft:player_kills":1,"minecraft:open_chest":19,"minecraft:crouch_one_cm":1664,"minecraft:play_time":54823,"minecraft:sneak_time":781,"minecraft:walk_under_water_one_cm":14922,"minecraft:boat_one_cm":187245,"minecraft:jump":910,"minecraft:walk_on_water_one_cm":6707,"minecraft:total_world_time":54823,"minecraft:fall_one_cm":17859},"minecraft:mined":{"minecraft:glass_pane":3,"minecraft:dark_oak_leaves":2,"minecraft:oak_fence":1,"minecraft:crafting_table":5,"minecraft:torch":5,"minecraft:oak_pressure_plate":1,"minecraft:tall_grass":4,"minecraft:cobblestone":13,"minecraft:oak_planks":5,"minecraft:kelp":2,"minecraft:sugar_cane":1,"minecraft:wall_torch":7,"minecraft:tall_seagrass":1,"minecraft:coarse_dirt":5,"minecraft:furnace":1,"minecraft:birch_leaves":1,"minecraft:grass":27,"minecraft:oak_log":26,"minecraft:coal_ore":17,"minecraft:vine":1,"minecraft:oak_stairs":2,"minecraft:dirt":6,"minecraft:stonecutter":1,"minecraft:stone":36,"minecraft:oak_leaves":6}},"DataVersion":3465}