{"stats":{"minecraft:used":{"minecraft:stone_pickaxe":32,"minecraft:wooden_pickaxe":4,"minecraft:rotten_flesh":1,"minecraft:stone_axe":32,"minecraft:torch":4,"minecraft:dirt":4,"minecraft:cobblestone":6,"minecraft:crafting_table":2,"minecraft:furnace":1,"minecraft:oak_sapling":4,"minecraft:cooked_beef":1,"minecraft:coarse_dirt":2},"minecraft:mined":{"minecraft:coarse_dirt":5,"minecraft:torch":2,"minecraft:crafting_table":1,"minecraft:grass":7,"minecraft:coal_ore":7,"minecraft:oak_log":26,"minecraft:dirt":4,"minecraft:cobblestone":3,"minecraft:stone":26,"minecraft:oak_leaves":2,"minecraft:wall_torch":2},"minecraft:killed":{"minecraft:zombie":1,"minecraft:cow":6},"minecraft:custom":{"minecraft:time_since_rest":13520,"minecraft:interact_with_furnace":6,"minecraft:sprint_one_cm":6754,"minecraft:damage_taken":105,"minecraft:walk_one_cm":40520,"minecraft:mob_kills":7,"minecraft:drop":4,"minecraft:damage_dealt":801,"minecraft:swim_one_cm":4516,"minecraft:interact_with_crafting_table":8,"minecraft:fly_one_cm":6598,"minecraft:crouch_one_cm":388,"minecraft:play_time":13520,"minecraft:sneak_time":419,"minecraft:walk_under_water_one_cm":3886,"minecraft:jump":217,"minecraft:time_since_death":13520,"minecraft:walk_on_water_one_cm":1208,"minecraft:climb_one_cm":874,"minecraft:total_world_time":13520,"minecraft:fall_one_cm":3517},"minecraft:crafted":{"minecraft:cooked_beef":2,"minecraft:oak_planks":64,"minecraft:crafting_table":1,"minecraft:stick":8,"minecraft:wooden_pickaxe":1,"minecraft:stone_pickaxe":1,"minecraft:furnace":1,"minecraft:torch":4,"minecraft:stone_axe":1,"minecraft:air":0},"minecraft:dropped":{"minecraft:stone_axe":1,"minecraft:coarse_dirt":3,"minecraft:wooden_pickaxe":2},"minecraft:picked_up":{"minecraft:coarse_dirt":5,"minecraft:stick":1,"minecraft:crafting_table":1,"minecraft:leather":3,"minecraft:torch":4,"minecraft:wooden_pickaxe":1,"minecraft:oak_log":26,"minecraft:dirt":4,"minecraft:rotten_flesh":2,"minecraft:stone_axe":1,"minecraft:beef":10,"minecraft:oak_sapling":4,"minecraft:coal":7,"minecraft:cobblestone":29}},"DataVersion":3465}