{"stats":{"minecraft:custom":{"minecraft:time_since_rest":8402,"minecraft:play_time":8402,"minecraft:sprint_one_cm":14051,"minecraft:damage_taken":82,"minecraft:walk_one_cm":31813,"minecraft:sneak_time":12,"minecraft:mob_kills":2,"minecraft:drop":1,"minecraft:jump":137,"minecraft:damage_dealt":342,"minecraft:leave_game":1,"minecraft:time_since_death":8402,"minecraft:player_kills":1,"minecraft:total_world_time":8402,"minecraft:interact_with_crafting_table":3,"minecraft:fall_one_cm":3089,"minecraft:fly_one_cm":20620},"minecraft:used":{"minecraft:stone_axe":16,"minecraft:crafting_table":1,"minecraft:oak_sapling":4,"minecraft:stone_pickaxe":1,"minecraft:wooden_pickaxe":25},"minecraft:crafted":{"minecraft:oak_planks":40,"minecraft:dark_oak_planks":8,"minecraft:stone_axe":1,"minecraft:crafting_table":1,"minecraft:stone_pickaxe":1,"minecraft:stick":8,"minecraft:wooden_pickaxe":1},"minecraft:dropped":{"minecraft:stone_axe":1},"minecraft:killed":{"minecraft:sheep":2},"minecraft:picked_up":{"minecraft:birch_log":6,"minecraft:oak_log":14,"minecraft:oak_sapling":4,"minecraft:dirt":9,"minecraft:mutton":2,"minecraft:dark_oak_log":2,"minecraft:white_wool":2,"minecraft:cobblestone":14},"minecraft:mined":{"minecraft:grass":10,"minecraft:grass_block":2,"minecraft:oak_log":14,"minecraft:dirt":7,"minecraft:birch_log":6,"minecraft:stone":14,"minecraft:dark_oak_log":2,"minecraft:oak_leaves":5}},"DataVersion":3465}