{"stats":{"minecraft:used":{"minecraft:stone_sword":16,"minecraft:stone_pickaxe":52,"minecraft:wooden_pickaxe":4,"minecraft:rotten_flesh":1,"minecraft:stone_axe":50,"minecraft:torch":5,"minecraft:dirt":4,"minecraft:cobblestone":8,"minecraft:crafting_table":5,"minecraft:furnace":1,"minecraft:oak_sapling":4,"minecraft:oak_boat":4,"minecraft:cooked_beef":4,"minecraft:coarse_dirt":3},"minecraft:mined":{"minecraft:tall_seagrass":1,"minecraft:coarse_dirt":5,"minecraft:furnace":1,"minecraft:torch":2,"minecraft:crafting_table":5,"minecraft:grass":12,"minecraft:coal_ore":17,"minecraft:oak_log":26,"minecraft:vine":1,"minecraft:dirt":4,"minecraft:cobblestone":3,"minecraft:kelp":2,"minecraft:stone":35,"minecraft:sugar_cane":1,"minecraft:oak_leaves":3,"minecraft:wall_torch":2},"minecraft:killed":{"minecraft:zombie":6,"minecraft:cow":11},"minecraft:custom":{"minecraft:time_since_rest":25520,"minecraft:interact_with_furnace":10,"minecraft:sprint_one_cm":13104,"minecraft:damage_taken":310,"minecraft:walk_one_cm":71683,"minecraft:mob_kills":17,"minecraft:drop":7,"minecraft:damage_dealt":2478,"minecraft:player_kills":1,"minecraft:swim_one_cm":19682,"minecraft:interact_with_crafting_table":14,"minecraft:fly_one_cm":16608,"minecraft:crouch_one_cm":460,"minecraft:play_time":25520,"minecraft:sneak_time":474,"minecraft:walk_under_water_one_cm":13400,"minecraft:boat_one_cm":106560,"minecraft:jump":343,"minecraft:time_since_death":25520,"minecraft:walk_on_water_one_cm":6651,"minecraft:climb_one_cm":1112,"minecraft:total_world_time":25520,"minecraft:fall_one_cm":5400},"minecraft:crafted":{"minecraft:cooked_beef":8,"minecraft:oak_boat":2,"minecraft:oak_planks":64,"minecraft:crafting_table":1,"minecraft:stick":8,"minecraft:wooden_pickaxe":1,"minecraft:stone_pickaxe":1,"minecraft:stone_sword":1,"minecraft:furnace":1,"minecraft:torch":4,"minecraft:stone_axe":1,"minecraft:air":0},"minecraft:dropped":{"minecraft:stone_axe":1,"minecraft:kelp":2,"minecraft:cooked_beef":1,"minecraft:coarse_dirt":3,"minecraft:stone_pickaxe":1,"minecraft:wooden_pickaxe":2},"minecraft:picked_up":{"minecraft:coarse_dirt":8,"minecraft:stick":1,"minecraft:crafting_table":5,"minecraft:cooked_beef":1,"minecraft:leather":6,"minecraft:torch":4,"minecraft:wooden_pickaxe":1,"minecraft:oak_log":26,"minecraft:dirt":4,"minecraft:rotten_flesh":10,"minecraft:kelp":2,"minecraft:stone_axe":1,"minecraft:stone_pickaxe":1,"minecraft:beef":24,"minecraft:oak_boat":2,"minecraft:oak_sapling":4,"minecraft:sugar_cane":3,"minecraft:coal":21,"minecraft:cobblestone":38,"minecraft:furnace":1}},"DataVersion":3465}