{"stats":{"minecraft:killed_by":{"spore:inf_villager":1},"minecraft:used":{"minecraft:stone_pickaxe":29,"minecraft:wooden_pickaxe":4,"minecraft:stone_axe":52,"minecraft:torch":3,"minecraft:dirt":8,"minecraft:cobblestone":4,"minecraft:crafting_table":3,"minecraft:furnace":1,"minecraft:andesite":9,"minecraft:egg":1,"minecraft:cooked_beef":3},"minecraft:dropped":{"minecraft:andesite":6},"minecraft:picked_up":{"minecraft:charcoal":4,"minecraft:crafting_table":2,"minecraft:raw_iron":1,"minecraft:feather":3,"minecraft:cooked_beef":2,"minecraft:chicken":4,"minecraft:andesite":15,"minecraft:brown_wool":1,"minecraft:leather":5,"minecraft:torch":1,"minecraft:porkchop":4,"minecraft:oak_log":33,"minecraft:dirt":8,"minecraft:bone":1,"minecraft:arrow":1,"minecraft:apple":2,"minecraft:wheat_seeds":1,"minecraft:beef":5,"minecraft:oak_sapling":4,"minecraft:sugar_cane":7,"minecraft:mutton":2,"minecraft:furnace":1,"minecraft:cobblestone":18,"minecraft:egg":1},"minecraft:crafted":{"minecraft:cooked_beef":1,"minecraft:oak_planks":80,"minecraft:charcoal":5,"minecraft:crafting_table":1,"minecraft:stick":28,"minecraft:wooden_pickaxe":1,"minecraft:stone_pickaxe":1,"minecraft:furnace":1,"minecraft:torch":4,"minecraft:stone_axe":1,"minecraft:air":0},"minecraft:custom":{"minecraft:time_since_rest":4851,"minecraft:damage_taken":751,"minecraft:interact_with_furnace":10,"minecraft:sprint_one_cm":23201,"minecraft:walk_one_cm":70874,"minecraft:mob_kills":11,"minecraft:drop":1,"minecraft:damage_dealt":1209,"minecraft:interact_with_crafting_table":8,"minecraft:fly_one_cm":85764,"minecraft:play_time":26945,"minecraft:deaths":1,"minecraft:sneak_time":74,"minecraft:jump":267,"minecraft:leave_game":5,"minecraft:time_since_death":4766,"minecraft:total_world_time":26945,"minecraft:climb_one_cm":511,"minecraft:fall_one_cm":5968},"minecraft:mined":{"minecraft:furnace":1,"minecraft:iron_ore":1,"minecraft:jungle_leaves":1,"minecraft:andesite":9,"minecraft:crafting_table":4,"minecraft:grass":10,"minecraft:grass_block":2,"minecraft:oak_log":35,"minecraft:dirt":11,"minecraft:stone":18,"minecraft:sugar_cane":3,"minecraft:oak_leaves":15,"minecraft:wall_torch":2},"minecraft:killed":{"minecraft:sheep":1,"minecraft:pig":2,"hordes:zombie_player":1,"minecraft:chicken":4,"minecraft:cow":3}},"DataVersion":3465}