{"stats":{"minecraft:used":{"minecraft:acacia_log":3,"minecraft:stone_pickaxe":60,"minecraft:wooden_pickaxe":32,"minecraft:stone_axe":62,"minecraft:dirt":15,"minecraft:sand":21,"minecraft:cobblestone":18,"minecraft:crafting_table":2,"minecraft:furnace":1,"minecraft:oak_boat":1,"minecraft:acacia_sapling":1,"minecraft:cooked_beef":2,"minecraft:acacia_planks":16},"minecraft:mined":{"minecraft:acacia_leaves":7,"minecraft:furnace":1,"minecraft:crafting_table":2,"minecraft:grass":2,"minecraft:acacia_log":32,"minecraft:grass_block":9,"minecraft:coal_ore":17,"minecraft:oak_log":8,"minecraft:vine":1,"minecraft:dirt":9,"minecraft:stripped_acacia_log":4,"minecraft:stone":70,"minecraft:oak_leaves":10},"minecraft:killed":{"minecraft:drowned":1,"minecraft:cow":2},"minecraft:custom":{"minecraft:time_since_rest":1273,"minecraft:interact_with_furnace":3,"minecraft:sprint_one_cm":50009,"minecraft:damage_taken":625,"minecraft:walk_one_cm":21751,"minecraft:mob_kills":3,"minecraft:drop":2,"minecraft:damage_dealt":598,"minecraft:swim_one_cm":11195,"minecraft:interact_with_crafting_table":4,"minecraft:fly_one_cm":97344,"minecraft:crouch_one_cm":17057,"minecraft:play_time":29070,"minecraft:deaths":2,"minecraft:sneak_time":5875,"minecraft:walk_under_water_one_cm":7245,"minecraft:boat_one_cm":188640,"minecraft:jump":667,"minecraft:leave_game":1,"minecraft:walk_on_water_one_cm":7737,"minecraft:time_since_death":1242,"minecraft:climb_one_cm":905,"minecraft:total_world_time":29070,"minecraft:fall_one_cm":18476},"minecraft:crafted":{"minecraft:cooked_beef":4,"minecraft:oak_planks":16,"minecraft:crafting_table":1,"minecraft:stick":8,"minecraft:wooden_pickaxe":1,"minecraft:stone_pickaxe":1,"minecraft:furnace":1,"minecraft:acacia_planks":16,"minecraft:stone_axe":1,"minecraft:air":0},"minecraft:dropped":{"minecraft:cobblestone":27,"minecraft:wooden_pickaxe":1},"minecraft:picked_up":{"minecraft:stick":4,"minecraft:crafting_table":3,"minecraft:leather":1,"minecraft:acacia_log":31,"minecraft:wooden_pickaxe":2,"minecraft:sand":33,"minecraft:oak_log":8,"minecraft:dirt":18,"minecraft:rotten_flesh":2,"minecraft:stripped_acacia_log":4,"minecraft:acacia_planks":16,"minecraft:stone_axe":1,"minecraft:wheat_seeds":1,"minecraft:beef":4,"minecraft:stone_pickaxe":1,"minecraft:oak_boat":1,"minecraft:oak_sapling":3,"minecraft:coal":33,"minecraft:acacia_sapling":2,"minecraft:cobblestone":97,"minecraft:furnace":1},"minecraft:killed_by":{"minecraft:player":1,"minecraft:skeleton":1}},"DataVersion":3465}