{"stats":{"minecraft:dropped":{"minecraft:crafting_table":1},"minecraft:custom":{"minecraft:time_since_rest":13141,"minecraft:crouch_one_cm":3210,"minecraft:walk_one_cm":10432,"minecraft:play_time":14730,"minecraft:sprint_one_cm":4338,"minecraft:damage_taken":280,"minecraft:deaths":1,"minecraft:sneak_time":1347,"minecraft:drop":1,"minecraft:jump":48,"minecraft:damage_dealt":134,"minecraft:time_since_death":11830,"minecraft:walk_on_water_one_cm":76,"minecraft:total_world_time":14730,"minecraft:interact_with_crafting_table":1,"minecraft:fall_one_cm":687,"minecraft:fly_one_cm":4776},"minecraft:used":{"minecraft:dirt":2,"minecraft:crafting_table":1},"minecraft:mined":{"minecraft:grass_block":2,"minecraft:oak_log":6,"minecraft:oak_leaves":1},"minecraft:picked_up":{"minecraft:stick":1,"minecraft:crafting_table":2,"minecraft:apple":1,"minecraft:wheat_seeds":1,"minecraft:oak_log":6,"minecraft:oak_sapling":2,"minecraft:dirt":2},"minecraft:crafted":{"minecraft:oak_planks":24,"minecraft:crafting_table":2},"minecraft:killed_by":{"minecraft:zombie":1}},"DataVersion":3465}