{"stats":{"minecraft:dropped":{"minecraft:crafting_table":1},"minecraft:custom":{"minecraft:time_since_rest":15474,"minecraft:damage_taken":360,"minecraft:crouch_one_cm":4430,"minecraft:play_time":17063,"minecraft:sprint_one_cm":25212,"minecraft:deaths":1,"minecraft:walk_one_cm":20622,"minecraft:sneak_time":1590,"minecraft:drop":1,"minecraft:jump":240,"minecraft:damage_dealt":150,"minecraft:leave_game":1,"minecraft:time_since_death":14163,"minecraft:walk_on_water_one_cm":76,"minecraft:climb_one_cm":1092,"minecraft:total_world_time":17063,"minecraft:interact_with_crafting_table":1,"minecraft:fall_one_cm":5176,"minecraft:fly_one_cm":31196},"minecraft:mined":{"minecraft:grass_block":2,"minecraft:oak_log":9,"minecraft:jungle_log":1,"minecraft:oak_leaves":19},"minecraft:used":{"minecraft:apple":1,"minecraft:dirt":2,"minecraft:crafting_table":1},"minecraft:picked_up":{"minecraft:crafting_table":3,"minecraft:stick":1,"minecraft:arrow":1,"minecraft:jungle_log":1,"minecraft:apple":1,"minecraft:torch":1,"minecraft:wheat_seeds":1,"minecraft:oak_log":9,"minecraft:oak_sapling":2,"minecraft:dirt":7},"minecraft:crafted":{"minecraft:oak_planks":24,"minecraft:crafting_table":2},"minecraft:killed_by":{"minecraft:zombie":1}},"DataVersion":3465}