{"stats":{"minecraft:used":{"minecraft:stone_pickaxe":42,"minecraft:wooden_pickaxe":32,"minecraft:stone_axe":4,"minecraft:dirt":15,"minecraft:sand":11,"minecraft:crafting_table":1,"minecraft:acacia_sapling":1,"minecraft:acacia_planks":16},"minecraft:mined":{"minecraft:acacia_leaves":1,"minecraft:crafting_table":1,"minecraft:grass":2,"minecraft:acacia_log":5,"minecraft:grass_block":8,"minecraft:coal_ore":17,"minecraft:oak_log":4,"minecraft:vine":1,"minecraft:dirt":7,"minecraft:stone":53,"minecraft:oak_leaves":7},"minecraft:killed":{"minecraft:cow":2},"minecraft:crafted":{"minecraft:oak_planks":16,"minecraft:crafting_table":1,"minecraft:stick":8,"minecraft:wooden_pickaxe":1,"minecraft:stone_pickaxe":1,"minecraft:acacia_planks":16,"minecraft:stone_axe":1},"minecraft:custom":{"minecraft:time_since_rest":7569,"minecraft:sprint_one_cm":39152,"minecraft:damage_taken":255,"minecraft:walk_one_cm":12967,"minecraft:mob_kills":2,"minecraft:drop":2,"minecraft:damage_dealt":229,"minecraft:swim_one_cm":4007,"minecraft:interact_with_crafting_table":3,"minecraft:fly_one_cm":79300,"minecraft:crouch_one_cm":12630,"minecraft:play_time":15852,"minecraft:deaths":1,"minecraft:sneak_time":4225,"minecraft:walk_under_water_one_cm":810,"minecraft:jump":512,"minecraft:walk_on_water_one_cm":2177,"minecraft:time_since_death":7537,"minecraft:climb_one_cm":905,"minecraft:total_world_time":15852,"minecraft:fall_one_cm":13966},"minecraft:dropped":{"minecraft:cobblestone":27,"minecraft:wooden_pickaxe":1},"minecraft:picked_up":{"minecraft:stick":4,"minecraft:crafting_table":2,"minecraft:leather":1,"minecraft:acacia_log":4,"minecraft:wooden_pickaxe":2,"minecraft:sand":22,"minecraft:oak_log":4,"minecraft:dirt":15,"minecraft:acacia_planks":16,"minecraft:stone_axe":1,"minecraft:wheat_seeds":1,"minecraft:beef":4,"minecraft:stone_pickaxe":1,"minecraft:oak_sapling":3,"minecraft:coal":17,"minecraft:acacia_sapling":1,"minecraft:cobblestone":80},"minecraft:killed_by":{"minecraft:player":1}},"DataVersion":3465}