{"stats":{"minecraft:mined":{"minecraft:oak_log":4,"minecraft:vine":1,"minecraft:oak_leaves":7},"minecraft:crafted":{"minecraft:crafting_table":1,"minecraft:oak_planks":16,"minecraft:stick":4},"minecraft:custom":{"minecraft:jump":111,"minecraft:time_since_rest":3852,"minecraft:damage_dealt":19,"minecraft:crouch_one_cm":458,"minecraft:sprint_one_cm":9445,"minecraft:play_time":3852,"minecraft:damage_taken":75,"minecraft:time_since_death":3852,"minecraft:walk_one_cm":3445,"minecraft:sneak_time":474,"minecraft:climb_one_cm":108,"minecraft:total_world_time":3852,"minecraft:fall_one_cm":3812,"minecraft:fly_one_cm":20778},"minecraft:picked_up":{"minecraft:sand":11,"minecraft:oak_log":4}},"DataVersion":3465}