{"stats":{"minecraft:killed_by":{"minecraft:zombie":1},"minecraft:used":{"minecraft:dirt":2,"minecraft:apple":1,"minecraft:crafting_table":1},"minecraft:dropped":{"minecraft:crafting_table":1},"minecraft:picked_up":{"minecraft:stick":1,"minecraft:crafting_table":3,"minecraft:arrow":1,"minecraft:apple":1,"minecraft:jungle_log":2,"minecraft:wheat_seeds":1,"minecraft:torch":1,"minecraft:oak_log":9,"minecraft:oak_sapling":2,"minecraft:dirt":7},"minecraft:crafted":{"minecraft:oak_planks":36,"minecraft:crafting_table":2},"minecraft:custom":{"minecraft:time_since_rest":16737,"minecraft:damage_taken":360,"minecraft:crouch_one_cm":4456,"minecraft:play_time":18326,"minecraft:sprint_one_cm":29295,"minecraft:walk_one_cm":21702,"minecraft:deaths":1,"minecraft:sneak_time":1663,"minecraft:drop":1,"minecraft:jump":268,"minecraft:damage_dealt":150,"minecraft:leave_game":3,"minecraft:time_since_death":15426,"minecraft:walk_on_water_one_cm":76,"minecraft:total_world_time":18326,"minecraft:climb_one_cm":1725,"minecraft:interact_with_crafting_table":1,"minecraft:fall_one_cm":5652,"minecraft:fly_one_cm":34635},"minecraft:mined":{"minecraft:grass_block":2,"minecraft:oak_log":9,"minecraft:jungle_log":2,"minecraft:jungle_leaves":4,"minecraft:oak_leaves":28}},"DataVersion":3465}