{"stats":{"minecraft:custom":{"minecraft:time_since_rest":520,"minecraft:sprint_one_cm":15794,"minecraft:interact_with_furnace":2,"minecraft:damage_taken":505,"minecraft:walk_one_cm":20266,"minecraft:mob_kills":1,"minecraft:damage_dealt":235,"minecraft:interact_with_crafting_table":5,"minecraft:swim_one_cm":4657,"minecraft:fly_one_cm":35960,"minecraft:crouch_one_cm":962,"minecraft:play_time":4959,"minecraft:deaths":1,"minecraft:sneak_time":207,"minecraft:walk_under_water_one_cm":781,"minecraft:jump":144,"minecraft:walk_on_water_one_cm":1846,"minecraft:time_since_death":478,"minecraft:total_world_time":4959,"minecraft:fall_one_cm":1521},"minecraft:mined":{"minecraft:birch_log":2,"minecraft:crafting_table":2,"minecraft:grass":4,"minecraft:oak_log":7,"minecraft:cobblestone":1,"minecraft:stone":20},"minecraft:used":{"minecraft:wooden_axe":11,"minecraft:stone_pickaxe":2,"minecraft:wooden_pickaxe":19,"minecraft:stone_axe":1,"minecraft:torch":1,"minecraft:cobblestone":2,"minecraft:crafting_table":3,"minecraft:furnace":1},"minecraft:picked_up":{"minecraft:birch_log":4,"minecraft:crafting_table":2,"minecraft:oak_log":7,"minecraft:cobblestone":20},"minecraft:crafted":{"minecraft:oak_planks":8,"minecraft:charcoal":1,"minecraft:crafting_table":1,"minecraft:stick":12,"minecraft:wooden_pickaxe":1,"minecraft:stone_pickaxe":1,"minecraft:wooden_axe":1,"minecraft:furnace":1,"minecraft:birch_planks":16,"minecraft:torch":4,"minecraft:stone_axe":1,"minecraft:air":0},"minecraft:killed":{"minecraft:zombie":1},"minecraft:killed_by":{"spore:inf_villager":1}},"DataVersion":3465}