{"stats":{"minecraft:custom":{"minecraft:jump":29,"minecraft:time_since_rest":382,"minecraft:damage_dealt":62,"minecraft:crouch_one_cm":113,"minecraft:deaths":1,"minecraft:sprint_one_cm":1187,"minecraft:play_time":933,"minecraft:damage_taken":272,"minecraft:time_since_death":358,"minecraft:walk_one_cm":3800,"minecraft:sneak_time":21,"minecraft:total_world_time":933,"minecraft:fall_one_cm":1212,"minecraft:fly_one_cm":1600,"minecraft:leave_game":1},"minecraft:used":{"minecraft:stone_axe":3},"minecraft:killed_by":{"minecraft:player":1},"minecraft:picked_up":{"minecraft:stone_axe":1,"minecraft:wheat_seeds":1,"minecraft:birch_log":4},"minecraft:mined":{"minecraft:birch_log":3,"minecraft:grass":2}},"DataVersion":3465}