{"stats":{"minecraft:custom":{"minecraft:time_since_rest":1712,"minecraft:interact_with_furnace":2,"minecraft:sprint_one_cm":43307,"minecraft:damage_taken":646,"minecraft:walk_one_cm":38827,"minecraft:mob_kills":1,"minecraft:damage_dealt":249,"minecraft:swim_one_cm":14105,"minecraft:interact_with_crafting_table":5,"minecraft:fly_one_cm":110053,"minecraft:crouch_one_cm":962,"minecraft:play_time":7584,"minecraft:deaths":2,"minecraft:sneak_time":208,"minecraft:walk_under_water_one_cm":1127,"minecraft:jump":403,"minecraft:walk_on_water_one_cm":3130,"minecraft:time_since_death":1699,"minecraft:climb_one_cm":1264,"minecraft:total_world_time":7584,"minecraft:fall_one_cm":10970},"minecraft:mined":{"minecraft:birch_log":9,"minecraft:birch_leaves":1,"minecraft:crafting_table":2,"minecraft:grass":5,"minecraft:oak_log":7,"minecraft:cobblestone":1,"minecraft:stone":20},"minecraft:used":{"minecraft:wooden_axe":11,"minecraft:stone_pickaxe":2,"minecraft:wooden_pickaxe":19,"minecraft:stone_axe":1,"minecraft:torch":1,"minecraft:cobblestone":2,"minecraft:crafting_table":3,"minecraft:furnace":1},"minecraft:picked_up":{"minecraft:birch_log":11,"minecraft:stick":1,"minecraft:crafting_table":2,"minecraft:oak_log":8,"minecraft:bone":4,"minecraft:arrow":3,"minecraft:rotten_flesh":2,"minecraft:cobblestone":21},"minecraft:crafted":{"minecraft:oak_planks":8,"minecraft:charcoal":1,"minecraft:crafting_table":1,"minecraft:stick":12,"minecraft:wooden_pickaxe":1,"minecraft:stone_pickaxe":1,"minecraft:wooden_axe":1,"minecraft:furnace":1,"minecraft:birch_planks":16,"minecraft:torch":4,"minecraft:stone_axe":1,"minecraft:air":0},"minecraft:killed":{"minecraft:zombie":1},"minecraft:killed_by":{"spore:inf_villager":1,"minecraft:enderman":1}},"DataVersion":3465}