{"stats":{"minecraft:crafted":{"minecraft:oak_planks":48,"minecraft:diamond_hoe":1,"minecraft:furnace":3,"minecraft:cooked_mutton":2,"minecraft:stone_pickaxe":1,"minecraft:cooked_beef":3,"minecraft:cooked_porkchop":2,"minecraft:crafting_table":4,"minecraft:bucket":1,"minecraft:stone_axe":1,"minecraft:air":0,"minecraft:oak_boat":1,"minecraft:iron_chestplate":1,"minecraft:diamond_pickaxe":1,"minecraft:shield":1,"minecraft:stick":24,"minecraft:iron_ingot":18,"minecraft:iron_pickaxe":1,"minecraft:torch":48,"minecraft:shears":1},"minecraft:dropped":{"minecraft:enchanted_book":20,"minecraft:iron_ingot":6,"minecraft:netherite_pickaxe":3,"minecraft:wheat_seeds":3,"minecraft:cooked_beef":1,"minecraft:dripstone_block":1,"minecraft:netherite_axe":3,"minecraft:netherite_chestplate":5,"minecraft:netherite_helmet":5,"minecraft:oak_fence":1,"minecraft:music_disc_13":1,"minecraft:stick":2,"minecraft:dirt":508,"minecraft:diorite":6,"minecraft:netherite_boots":5,"minecraft:string":4,"minecraft:bucket":1,"minecraft:dandelion":3,"minecraft:stone_axe":1,"minecraft:netherite_hoe":3,"minecraft:cobbled_deepslate":6,"minecraft:tuff":17,"minecraft:diamond_hoe":1,"minecraft:netherite_sword":5,"minecraft:experience_bottle":256,"minecraft:pointed_dripstone":4,"minecraft:rotten_flesh":7,"minecraft:enchanted_golden_apple":320,"minecraft:totem_of_undying":22,"minecraft:netherite_leggings":5,"minecraft:tipped_arrow":192,"minecraft:shield":5,"minecraft:diamond_pickaxe":1,"minecraft:andesite":2,"minecraft:spider_eye":2,"minecraft:bow":3,"minecraft:stone_pickaxe":1,"minecraft:raw_gold":2},"minecraft:custom":{"minecraft:interact_with_anvil":18,"minecraft:mob_kills":29,"minecraft:interact_with_crafting_table":15,"minecraft:leave_game":1,"minecraft:time_since_death":13967,"minecraft:damage_resisted":1490,"minecraft:sprint_one_cm":154198,"minecraft:walk_one_cm":301880,"minecraft:damage_blocked_by_shield":175,"minecraft:drop":129,"minecraft:play_time":108501,"minecraft:deaths":10,"minecraft:sneak_time":14345,"minecraft:walk_under_water_one_cm":29249,"minecraft:boat_one_cm":28620,"minecraft:jump":1600,"minecraft:walk_on_water_one_cm":8550,"minecraft:total_world_time":108501,"minecraft:interact_with_furnace":28,"minecraft:time_since_rest":14020,"minecraft:damage_taken":5667,"minecraft:damage_absorbed":3507,"minecraft:damage_dealt":7578,"minecraft:swim_one_cm":3890,"minecraft:fly_one_cm":522600,"minecraft:open_chest":3,"minecraft:crouch_one_cm":36811,"minecraft:fall_one_cm":61458},"minecraft:picked_up":{"minecraft:crafting_table":6,"minecraft:azure_bluet":2,"minecraft:lead":3,"minecraft:enchanted_book":5,"minecraft:brewing_stand":2,"minecraft:shield":3,"minecraft:string":14,"minecraft:netherite_ingot":2,"minecraft:cobbled_deepslate":299,"minecraft:netherite_sword":1,"minecraft:bucket":3,"minecraft:beef":9,"minecraft:oak_boat":5,"minecraft:iron_pickaxe":1,"minecraft:enchanted_golden_apple":59,"minecraft:diamond_hoe":3,"minecraft:furnace":7,"minecraft:tipped_arrow":60,"minecraft:stick":12,"minecraft:raw_iron":38,"minecraft:oak_fence":3,"minecraft:torch":3,"minecraft:porkchop":30,"minecraft:pointed_dripstone":4,"minecraft:diorite":6,"minecraft:arrow":4,"minecraft:rotten_flesh":35,"minecraft:totem_of_undying":6,"minecraft:netherite_chestplate":2,"minecraft:mutton":2,"minecraft:white_wool":5,"minecraft:cobblestone":159,"minecraft:netherite_boots":2,"minecraft:cooked_beef":15,"minecraft:andesite":2,"minecraft:leather":2,"fromanotherworld:assimilation_liquid":3,"minecraft:tuff":110,"minecraft:oak_log":12,"minecraft:netherite_leggings":1,"minecraft:dirt":1082,"minecraft:bone":2,"minecraft:bow":1,"minecraft:wheat_seeds":16,"minecraft:raw_gold":8,"minecraft:iron_ingot":19,"minecraft:stone_pickaxe":2,"minecraft:oak_planks":32,"minecraft:music_disc_13":2,"minecraft:sculk":7,"minecraft:dandelion":6,"minecraft:dripstone_block":1,"minecraft:soul_torch":2,"fromanotherworld:alien_circuitry":1,"minecraft:spider_eye":3,"minecraft:diamond":30,"minecraft:stone_axe":2,"minecraft:netherite_helmet":1,"minecraft:gray_wool":11,"minecraft:netherite_hoe":1,"minecraft:coal":38,"minecraft:diamond_pickaxe":4},"minecraft:killed_by":{"minecraft:player":1,"fromanotherworld:alien_thing":1,"fromanotherworld:palmer_thing":3},"minecraft:mined":{"minecraft:tuff":42,"minecraft:deepslate_diamond_ore":5,"minecraft:sculk_vein":4,"minecraft:brewing_stand":1,"minecraft:grass_block":7,"fromanotherworld:corpse":1,"fromanotherworld:assimilated_sculk_activator":1,"fromanotherworld:tentacle":1,"minecraft:furnace":5,"fromanotherworld:disguised_tendrils":19,"minecraft:fire":4,"minecraft:andesite":2,"minecraft:azure_bluet":1,"minecraft:sculk_shrieker":2,"minecraft:pointed_dripstone":1,"minecraft:deepslate_iron_ore":22,"minecraft:stone":43,"minecraft:oak_fence":2,"minecraft:crafting_table":5,"minecraft:sculk_sensor":3,"minecraft:tall_grass":9,"minecraft:sculk":21,"minecraft:diorite":6,"minecraft:wall_torch":3,"fromanotherworld:assimilated_sculk":40,"minecraft:gray_wool":11,"fromanotherworld:assimilated_sculk_brambles":243,"minecraft:grass":20,"minecraft:oak_log":12,"minecraft:coal_ore":15,"minecraft:dripstone_block":1,"minecraft:dirt":8,"minecraft:deepslate":62},"minecraft:killed":{"minecraft:spider":2,"fromanotherworld:starship":1,"minecraft:skeleton":3,"fromanotherworld:dogbeast_spitter":1,"fromanotherworld:alien_thing":1,"minecraft:pig":4,"minecraft:creeper":1,"minecraft:sheep":2,"minecraft:zombie":6,"fromanotherworld:juliette_thing":1,"fromanotherworld:dogbeast":2,"minecraft:cow":4},"minecraft:used":{"minecraft:oak_fence":1,"minecraft:netherite_sword":151,"minecraft:diamond_hoe":29,"minecraft:shield":11,"minecraft:rotten_flesh":1,"minecraft:iron_chestplate":1,"minecraft:torch":49,"minecraft:dirt":99,"minecraft:anvil":5,"minecraft:netherite_hoe":223,"minecraft:totem_of_undying":1,"minecraft:netherite_boots":1,"minecraft:bow":12,"minecraft:furnace":7,"minecraft:netherite_pickaxe":41,"minecraft:cooked_beef":9,"minecraft:cobbled_deepslate":3,"minecraft:enchanted_golden_apple":26,"minecraft:cooked_mutton":1,"minecraft:water_bucket":6,"minecraft:netherite_chestplate":1,"minecraft:stone_pickaxe":92,"minecraft:crafting_table":9,"minecraft:shears":11,"minecraft:diamond_pickaxe":106,"fromanotherworld:assimilation_liquid":2,"minecraft:iron_pickaxe":13,"minecraft:stone_axe":61,"minecraft:cobblestone":13,"minecraft:cooked_porkchop":2,"minecraft:bucket":6,"minecraft:oak_boat":5,"minecraft:gray_wool":4}},"DataVersion":3465}