{"stats":{"minecraft:crafted":{"minecraft:oak_planks":36,"minecraft:crafting_table":1,"minecraft:wooden_pickaxe":1,"minecraft:stone_axe":1,"minecraft:stick":8,"minecraft:stone_pickaxe":1,"minecraft:chest":1},"minecraft:dropped":{"minecraft:netherite_sword":2,"minecraft:netherite_helmet":1,"minecraft:netherite_chestplate":1,"minecraft:enchanted_golden_apple":63,"minecraft:totem_of_undying":4,"minecraft:netherite_leggings":1,"minecraft:dirt":1,"minecraft:shield":1,"minecraft:netherite_boots":1},"minecraft:custom":{"minecraft:interact_with_furnace":2,"minecraft:interact_with_anvil":2,"minecraft:mob_kills":5,"minecraft:interact_with_crafting_table":6,"minecraft:leave_game":1,"minecraft:time_since_death":8355,"minecraft:damage_resisted":383,"minecraft:time_since_rest":8378,"minecraft:sprint_one_cm":135889,"minecraft:walk_one_cm":170621,"minecraft:damage_taken":3274,"minecraft:damage_absorbed":761,"minecraft:damage_blocked_by_shield":433,"minecraft:drop":13,"minecraft:damage_dealt":1716,"minecraft:swim_one_cm":2086,"minecraft:fly_one_cm":334967,"minecraft:player_kills":1,"minecraft:open_chest":4,"minecraft:crouch_one_cm":39911,"minecraft:play_time":108152,"minecraft:deaths":10,"minecraft:sneak_time":10922,"minecraft:walk_under_water_one_cm":6431,"minecraft:jump":1814,"minecraft:walk_on_water_one_cm":7924,"minecraft:total_world_time":108152,"minecraft:fall_one_cm":73839},"minecraft:picked_up":{"minecraft:stripped_oak_log":4,"minecraft:netherite_boots":3,"minecraft:azure_bluet":5,"minecraft:wooden_pickaxe":1,"minecraft:enchanted_book":2,"minecraft:oak_log":6,"minecraft:shield":3,"minecraft:netherite_leggings":3,"minecraft:dirt":979,"minecraft:bow":2,"minecraft:stonecutter":1,"minecraft:wheat_seeds":5,"minecraft:netherite_sword":4,"minecraft:stone_pickaxe":1,"minecraft:netherite_axe":1,"minecraft:lectern":1,"minecraft:enchanted_golden_apple":192,"minecraft:oak_planks":14,"minecraft:book":12,"minecraft:tipped_arrow":128,"minecraft:torch":1,"minecraft:dandelion":11,"minecraft:porkchop":10,"minecraft:netherite_pickaxe":1,"minecraft:rotten_flesh":2,"minecraft:stone_axe":1,"minecraft:netherite_helmet":3,"minecraft:totem_of_undying":13,"minecraft:netherite_chestplate":3,"minecraft:oak_sapling":2,"minecraft:netherite_hoe":1,"minecraft:coal":91,"minecraft:cobblestone":95},"minecraft:killed_by":{"minecraft:player":1,"minecraft:skeleton":1,"fromanotherworld:prowler":1,"minecraft:spider":1,"fromanotherworld:vine_tentacles":3,"fromanotherworld:palmer_thing":1},"minecraft:mined":{"minecraft:dandelion":5,"minecraft:torch":1,"minecraft:grass_block":18,"minecraft:lectern":1,"minecraft:cobblestone":2,"minecraft:oak_planks":1,"fromanotherworld:assimilated_sculk":2,"fromanotherworld:disguised_tendrils":121,"minecraft:azure_bluet":1,"minecraft:grass":14,"minecraft:bookshelf":4,"minecraft:coal_ore":33,"minecraft:oak_log":5,"minecraft:dirt":36,"fromanotherworld:tunnel":1,"minecraft:stripped_oak_log":4,"minecraft:stonecutter":1,"minecraft:stone":30,"minecraft:oak_leaves":2},"minecraft:killed":{"minecraft:pig":2,"minecraft:spider":1,"minecraft:zombie":1},"minecraft:used":{"minecraft:netherite_sword":113,"minecraft:stone_pickaxe":57,"minecraft:netherite_chestplate":2,"minecraft:wooden_pickaxe":11,"minecraft:chest":1,"minecraft:shield":17,"minecraft:torch":1,"minecraft:dirt":542,"minecraft:netherite_leggings":2,"minecraft:crafting_table":1,"minecraft:netherite_helmet":2,"minecraft:azure_bluet":1,"minecraft:stone_axe":11,"minecraft:netherite_boots":2,"minecraft:cobblestone":8,"minecraft:bow":5,"minecraft:oak_sapling":1,"minecraft:dandelion":4,"minecraft:enchanted_golden_apple":7}},"DataVersion":3465}